time,open,high,low,close,tick_volume,spread,real_volume
2017-08-04,1.18746,1.18891,1.1728,1.17803,68221.0,5.0,0.0
2017-08-07,1.17723,1.18137,1.17697,1.17936,45230.0,2.0,0.0
2017-08-08,1.1793,1.18237,1.1715,1.17484,55823.0,5.0,0.0
2017-08-09,1.17482,1.17637,1.16887,1.17549,69952.0,3.0,0.0
2017-08-10,1.17547,1.17847,1.17039,1.17727,64338.0,4.0,0.0
2017-08-11,1.17726,1.18468,1.17484,1.18249,66749.0,3.0,0.0
2017-08-14,1.18224,1.18382,1.17697,1.1784,56019.0,5.0,0.0
2017-08-15,1.17838,1.17925,1.1687,1.17386,63752.0,5.0,0.0
2017-08-16,1.17383,1.17785,1.1681300000000001,1.17685,70005.0,5.0,0.0
2017-08-17,1.17683,1.17898,1.16622,1.1727,77953.0,5.0,0.0
2017-08-18,1.17269,1.17742,1.17084,1.1763,100217.0,0.0,0.0
2017-08-21,1.17576,1.1828,1.17307,1.18087,71207.0,1.0,0.0
2017-08-22,1.18086,1.18243,1.17449,1.17591,65914.0,3.0,0.0
2017-08-23,1.17586,1.18231,1.174,1.18166,72203.0,1.0,0.0
2017-08-24,1.18169,1.1819,1.17837,1.18004,100848.0,1.0,0.0
2017-08-25,1.18003,1.19414,1.17729,1.1924299999999999,103766.0,0.0,0.0
2017-08-28,1.19437,1.19837,1.19167,1.19735,77793.0,0.0,0.0
2017-08-29,1.19732,1.2070400000000001,1.19556,1.19679,132926.0,0.0,0.0
2017-08-30,1.19681,1.19848,1.18829,1.18895,114176.0,0.0,0.0
2017-08-31,1.1889,1.191,1.18232,1.19047,116620.0,4.0,0.0
2017-09-01,1.19045,1.198,1.18502,1.18651,122655.0,5.0,0.0
2017-09-04,1.18845,1.19224,1.18738,1.18958,72531.0,3.0,0.0
2017-09-05,1.18963,1.19411,1.1868400000000001,1.19179,115602.0,5.0,0.0
2017-09-06,1.19176,1.19508,1.1903,1.19147,113752.0,5.0,0.0
2017-09-07,1.1915,1.206,1.19112,1.20193,135635.0,0.0,0.0
2017-09-08,1.2019199999999999,1.20928,1.20149,1.20262,134249.0,2.0,0.0
2017-09-11,1.20171,1.20298,1.19495,1.19519,94810.0,5.0,0.0
2017-09-12,1.1952099999999999,1.19783,1.19264,1.1966,120794.0,2.0,0.0
2017-09-13,1.19663,1.19952,1.18732,1.18837,102772.0,0.0,0.0
2017-09-14,1.18835,1.19226,1.18377,1.19048,115410.0,0.0,0.0
2017-09-15,1.19049,1.19873,1.19011,1.19457,110512.0,1.0,0.0
2017-09-18,1.19214,1.19696,1.19151,1.1952099999999999,86884.0,5.0,0.0
2017-09-19,1.19523,1.20068,1.19495,1.1997,101702.0,3.0,0.0
2017-09-20,1.1997200000000001,1.20336,1.18615,1.18909,115518.0,0.0,0.0
2017-09-21,1.18907,1.19541,1.18659,1.19306,108875.0,1.0,0.0
2017-09-22,1.19309,1.20048,1.19309,1.19443,97667.0,5.0,0.0
2017-09-25,1.19472,1.19472,1.18321,1.18475,102349.0,0.0,0.0
2017-09-26,1.18472,1.18618,1.17578,1.17923,104071.0,2.0,0.0
2017-09-27,1.17921,1.17956,1.17173,1.17496,104036.0,3.0,0.0
2017-09-28,1.17494,1.18044,1.17214,1.1778,105088.0,3.0,0.0
2017-09-29,1.17779,1.18327,1.17727,1.1819600000000001,92395.0,4.0,0.0
2017-10-02,1.18132,1.18154,1.17304,1.17346,84757.0,2.0,0.0
2017-10-03,1.17343,1.17741,1.16964,1.17487,80912.0,2.0,0.0
2017-10-04,1.1749,1.1788,1.17353,1.1762299999999999,81314.0,0.0,0.0
2017-10-05,1.17625,1.17791,1.16991,1.17049,78804.0,4.0,0.0
2017-10-06,1.17048,1.17389,1.16697,1.17331,98540.0,0.0,0.0
2017-10-09,1.17254,1.17564,1.17197,1.1739,48748.0,4.0,0.0
2017-10-10,1.17393,1.1825700000000001,1.17383,1.18075,88671.0,5.0,0.0
2017-10-11,1.1807699999999999,1.1869399999999999,1.17953,1.18571,91803.0,5.0,0.0
2017-10-12,1.18558,1.188,1.18271,1.18295,78400.0,4.0,0.0
2017-10-13,1.18293,1.18751,1.18055,1.18201,89458.0,1.0,0.0
2017-10-16,1.18129,1.18197,1.17805,1.17956,71242.0,5.0,0.0
2017-10-17,1.1795,1.18003,1.17362,1.17658,77106.0,3.0,0.0
2017-10-18,1.1766,1.18056,1.17302,1.17863,87054.0,5.0,0.0
2017-10-19,1.17861,1.18582,1.17681,1.1852,107006.0,3.0,0.0
2017-10-20,1.18518,1.18581,1.17625,1.17801,109903.0,1.0,0.0
2017-10-23,1.17648,1.17776,1.1724999999999999,1.17478,84948.0,0.0,0.0
2017-10-24,1.1748,1.1793,1.17429,1.17607,90360.0,3.0,0.0
2017-10-25,1.17605,1.18178,1.17531,1.18118,120006.0,4.0,0.0
2017-10-26,1.18117,1.18369,1.16406,1.16496,128449.0,0.0,0.0
2017-10-27,1.16501,1.1656900000000001,1.15739,1.16066,125499.0,0.0,0.0
2017-10-30,1.16065,1.16582,1.15937,1.16489,90185.0,1.0,0.0
2017-10-31,1.16488,1.16616,1.16246,1.16454,89457.0,4.0,0.0
2017-11-01,1.1645699999999999,1.16576,1.16064,1.16218,91949.0,1.0,0.0
2017-11-02,1.16217,1.16876,1.1613,1.16556,109194.0,4.0,0.0
2017-11-03,1.16564,1.16921,1.15991,1.16037,93678.0,0.0,0.0
2017-11-06,1.1614,1.16244,1.15804,1.1609099999999999,90471.0,3.0,0.0
2017-11-07,1.16095,1.16156,1.15533,1.15853,97764.0,0.0,0.0
2017-11-08,1.15854,1.16113,1.15791,1.15947,86146.0,3.0,0.0
2017-11-09,1.15943,1.1655,1.15858,1.16408,113430.0,5.0,0.0
2017-11-10,1.16404,1.16782,1.16229,1.16637,93152.0,5.0,0.0
2017-11-13,1.16576,1.16754,1.16376,1.1666,72502.0,5.0,0.0
2017-11-14,1.16661,1.18053,1.16616,1.17969,93453.0,1.0,0.0
2017-11-15,1.1797,1.18612,1.17848,1.17897,121645.0,0.0,0.0
2017-11-16,1.1789399999999999,1.18011,1.17566,1.17693,97659.0,1.0,0.0
2017-11-17,1.17691,1.18219,1.17654,1.179,101816.0,5.0,0.0
2017-11-20,1.17855,1.18088,1.17225,1.17318,112118.0,1.0,0.0
2017-11-21,1.1732,1.17578,1.17129,1.17373,78592.0,1.0,0.0
2017-11-22,1.17372,1.18272,1.17322,1.18217,83780.0,5.0,0.0
2017-11-23,1.18209,1.18561,1.18133,1.18484,62693.0,1.0,0.0
2017-11-24,1.18487,1.19445,1.1837,1.19298,81390.0,3.0,0.0
2017-11-27,1.19248,1.19615,1.18953,1.18973,87339.0,2.0,0.0
2017-11-28,1.18963,1.19201,1.18272,1.18386,111107.0,5.0,0.0
2017-11-29,1.18394,1.18831,1.1817,1.18461,109448.0,4.0,0.0
2017-11-30,1.18454,1.19318,1.18088,1.19027,120881.0,1.0,0.0
2017-12-01,1.1902300000000001,1.19406,1.18509,1.18952,153889.0,5.0,0.0
2017-12-04,1.18608,1.18788,1.18293,1.18641,106152.0,5.0,0.0
2017-12-05,1.18643,1.18769,1.18009,1.18251,101002.0,5.0,0.0
2017-12-06,1.18244,1.18483,1.17807,1.17949,96687.0,5.0,0.0
2017-12-07,1.17943,1.18148,1.17714,1.17719,85730.0,1.0,0.0
2017-12-08,1.17714,1.17769,1.17303,1.17709,97017.0,0.0,0.0
2017-12-11,1.17653,1.1812,1.17632,1.1768,75957.0,0.0,0.0
2017-12-12,1.1767400000000001,1.17929,1.17177,1.17409,82022.0,5.0,0.0
2017-12-13,1.17404,1.18312,1.17295,1.18252,100349.0,0.0,0.0
2017-12-14,1.1825,1.18629,1.17708,1.1777,119140.0,0.0,0.0
2017-12-15,1.17771,1.18125,1.17485,1.17488,104312.0,2.0,0.0
2017-12-18,1.17426,1.18346,1.17377,1.17808,100841.0,3.0,0.0
2017-12-19,1.17807,1.1849,1.17767,1.18383,107267.0,3.0,0.0
2017-12-20,1.18381,1.1902,1.18291,1.18698,101922.0,5.0,0.0
2017-12-21,1.1869399999999999,1.18898,1.18494,1.1872,97263.0,5.0,0.0
2017-12-22,1.18719,1.18754,1.1817,1.18606,111076.0,1.0,0.0
2017-12-25,1.18606,1.18606,1.18606,1.18606,1.0,40.0,0.0
2017-12-26,1.18682,1.18838,1.1846700000000001,1.18573,50446.0,5.0,0.0
2017-12-27,1.18577,1.19105,1.18549,1.18861,86277.0,2.0,0.0
2017-12-28,1.18856,1.19592,1.18856,1.19417,89581.0,3.0,0.0
2017-12-29,1.19414,1.20257,1.1936499999999999,1.20023,88469.0,3.0,0.0
2018-01-02,1.20635,1.20693,1.20267,1.20579,46363.0,5.0,0.0
2018-01-03,1.20579,1.20669,1.20023,1.20146,98458.0,5.0,0.0
2018-01-04,1.20148,1.20899,1.20054,1.20681,104267.0,5.0,0.0
2018-01-05,1.2067,1.20831,1.20207,1.2029,97712.0,0.0,0.0
2018-01-08,1.20275,1.20524,1.19558,1.19664,93172.0,1.0,0.0
2018-01-09,1.19659,1.19759,1.19158,1.19359,106021.0,5.0,0.0
2018-01-10,1.19352,1.20183,1.1923300000000001,1.19466,140487.0,0.0,0.0
2018-01-11,1.19455,1.20587,1.19287,1.20304,137778.0,1.0,0.0
2018-01-12,1.20299,1.22179,1.20299,1.22009,159695.0,0.0,0.0
2018-01-15,1.21937,1.22963,1.21872,1.22618,117785.0,0.0,0.0
2018-01-16,1.22616,1.22831,1.21948,1.2258499999999999,135829.0,1.0,0.0
2018-01-17,1.22583,1.2323,1.2176,1.21834,156046.0,0.0,0.0
2018-01-18,1.21833,1.2264599999999999,1.21649,1.22361,138851.0,1.0,0.0
2018-01-19,1.2236,1.22952,1.22142,1.22147,137417.0,1.0,0.0
2018-01-22,1.22693,1.22722,1.22134,1.22606,110589.0,2.0,0.0
2018-01-23,1.22599,1.23059,1.22226,1.22974,128274.0,4.0,0.0
2018-01-24,1.22969,1.24147,1.22897,1.2406,156261.0,1.0,0.0
2018-01-25,1.24062,1.25375,1.23636,1.23933,229917.0,0.0,0.0
2018-01-26,1.23931,1.24933,1.23696,1.24286,185466.0,0.0,0.0
2018-01-29,1.24243,1.2432,1.23363,1.23804,151331.0,0.0,0.0
2018-01-30,1.2380200000000001,1.24537,1.23343,1.24013,158888.0,0.0,0.0
2018-01-31,1.24006,1.24746,1.23865,1.24122,187494.0,0.0,0.0
2018-02-01,1.2411699999999999,1.25229,1.23847,1.25081,156464.0,1.0,0.0
2018-02-02,1.25078,1.2518,1.24087,1.24552,173269.0,0.0,0.0
2018-02-05,1.24345,1.24747,1.23614,1.23657,170882.0,0.0,0.0
2018-02-06,1.23649,1.24344,1.2313399999999999,1.23759,221419.0,0.0,0.0
2018-02-07,1.23746,1.2406,1.2245300000000001,1.22619,153839.0,3.0,0.0
2018-02-08,1.22615,1.22947,1.22118,1.22458,193318.0,0.0,0.0
2018-02-09,1.22446,1.22868,1.22052,1.22499,182693.0,1.0,0.0
2018-02-12,1.22476,1.2297,1.22346,1.22896,114427.0,0.0,0.0
2018-02-13,1.22892,1.23708,1.22842,1.23493,125334.0,0.0,0.0
2018-02-14,1.23492,1.24643,1.22754,1.2448,162762.0,0.0,0.0
2018-02-15,1.24486,1.251,1.24476,1.25053,131908.0,0.0,0.0
2018-02-16,1.25042,1.25556,1.2392400000000001,1.24094,141557.0,0.0,0.0
2018-02-19,1.24017,1.24348,1.23686,1.2406,91277.0,2.0,0.0
2018-02-20,1.24059,1.2412,1.23194,1.23358,130552.0,2.0,0.0
2018-02-21,1.23356,1.23597,1.22808,1.22812,154630.0,1.0,0.0
2018-02-22,1.2281,1.23518,1.22592,1.23283,169137.0,0.0,0.0
2018-02-23,1.23282,1.23372,1.22794,1.22933,110773.0,0.0,0.0
2018-02-26,1.22928,1.23546,1.22772,1.2315800000000001,108562.0,0.0,0.0
2018-02-27,1.23159,1.23462,1.2220900000000001,1.22314,133790.0,0.0,0.0
2018-02-28,1.22314,1.22414,1.21876,1.21914,126856.0,0.0,0.0
2018-03-01,1.2192,1.22729,1.21543,1.22642,148285.0,0.0,0.0
2018-03-02,1.22643,1.23356,1.22511,1.23177,136043.0,1.0,0.0
2018-03-05,1.23344,1.23644,1.22686,1.23345,122922.0,0.0,0.0
2018-03-06,1.23343,1.24201,1.23277,1.24024,116471.0,0.0,0.0
2018-03-07,1.24026,1.2445599999999999,1.23845,1.24097,133286.0,0.0,0.0
2018-03-08,1.24098,1.24457,1.22978,1.23094,131946.0,0.0,0.0
2018-03-09,1.23092,1.23339,1.22728,1.23039,123664.0,0.0,0.0
2018-03-12,1.231,1.23454,1.22901,1.23337,95762.0,4.0,0.0
2018-03-13,1.23332,1.24073,1.23141,1.23902,123971.0,0.0,0.0
2018-03-14,1.23904,1.24124,1.23467,1.2367,113766.0,0.0,0.0
2018-03-15,1.23668,1.23834,1.22999,1.23033,114066.0,3.0,0.0
2018-03-16,1.23032,1.23358,1.22599,1.22877,98530.0,0.0,0.0
2018-03-19,1.2288000000000001,1.2358500000000001,1.22576,1.23331,120376.0,1.0,0.0
2018-03-20,1.23333,1.23544,1.2239200000000001,1.22427,112349.0,0.0,0.0
2018-03-21,1.22426,1.2349700000000001,1.22408,1.23376,134273.0,0.0,0.0
2018-03-22,1.23379,1.23882,1.22849,1.23042,141052.0,1.0,0.0
2018-03-23,1.2305,1.23731,1.23049,1.23517,127718.0,0.0,0.0
2018-03-26,1.23489,1.24615,1.23487,1.2442199999999999,109535.0,0.0,0.0
2018-03-27,1.24418,1.24764,1.23716,1.24011,125475.0,0.0,0.0
2018-03-28,1.24008,1.24215,1.22992,1.23064,129075.0,0.0,0.0
2018-03-29,1.23062,1.23355,1.22836,1.22992,112188.0,0.0,0.0
2018-03-30,1.22991,1.23305,1.22897,1.2321,67932.0,0.0,0.0
2018-04-02,1.232,1.23448,1.22811,1.23006,72017.0,0.0,0.0
2018-04-03,1.22995,1.23356,1.22533,1.22689,116427.0,0.0,0.0
2018-04-04,1.22687,1.23144,1.22566,1.22767,117027.0,0.0,0.0
2018-04-05,1.22753,1.229,1.2218,1.2239200000000001,109122.0,0.0,0.0
2018-04-06,1.2238,1.22906,1.22146,1.22808,148988.0,0.0,0.0
2018-04-09,1.22841,1.23302,1.22599,1.2319499999999999,125284.0,0.0,0.0
2018-04-10,1.23183,1.23774,1.23026,1.23547,139654.0,0.0,0.0
2018-04-11,1.23538,1.23963,1.23466,1.23659,129315.0,0.0,0.0
2018-04-12,1.23648,1.23799,1.22989,1.23252,128293.0,0.0,0.0
2018-04-13,1.23243,1.23456,1.23067,1.23283,111495.0,0.0,0.0
2018-04-16,1.23312,1.23944,1.23237,1.23782,97666.0,0.0,0.0
2018-04-17,1.2377,1.24135,1.23356,1.23682,103151.0,0.0,0.0
2018-04-18,1.23676,1.2397,1.2341199999999999,1.23724,117348.0,0.0,0.0
2018-04-19,1.23719,1.24,1.23287,1.23446,130718.0,0.0,0.0
2018-04-20,1.23433,1.23528,1.2248999999999999,1.22879,117769.0,0.0,0.0
2018-04-23,1.22714,1.22893,1.21971,1.22073,112027.0,0.0,0.0
2018-04-24,1.22066,1.22447,1.21816,1.2231,121732.0,0.0,0.0
2018-04-25,1.22309,1.22384,1.21591,1.21596,120312.0,0.0,0.0
2018-04-26,1.21589,1.2209699999999999,1.2096,1.21017,132232.0,0.0,0.0
2018-04-27,1.21013,1.21325,1.20551,1.21286,114586.0,0.0,0.0
2018-04-30,1.21235,1.21386,1.20639,1.20763,110821.0,0.0,0.0
2018-05-01,1.20756,1.2084,1.19808,1.19913,102502.0,0.0,0.0
2018-05-02,1.19912,1.20315,1.19353,1.19492,147673.0,0.0,0.0
2018-05-03,1.19493,1.20086,1.19474,1.19869,144644.0,0.0,0.0
2018-05-04,1.19864,1.19953,1.19092,1.1959,118740.0,0.0,0.0
2018-05-07,1.1953,1.19772,1.18958,1.19199,96725.0,0.0,0.0
2018-05-08,1.19196,1.19378,1.18365,1.1862,129755.0,0.0,0.0
2018-05-09,1.18622,1.18964,1.18213,1.18483,120041.0,0.0,0.0
2018-05-10,1.18482,1.19463,1.18419,1.19131,146417.0,0.0,0.0
2018-05-11,1.19136,1.1968,1.1890100000000001,1.19388,111629.0,0.0,0.0
2018-05-14,1.19424,1.19964,1.19242,1.19244,106654.0,0.0,0.0
2018-05-15,1.19242,1.19374,1.18181,1.18357,137290.0,0.0,0.0
2018-05-16,1.18356,1.18532,1.17618,1.18052,148776.0,0.0,0.0
2018-05-17,1.18045,1.18365,1.17759,1.17912,133690.0,0.0,0.0
2018-05-18,1.17911,1.18213,1.17482,1.17679,110803.0,0.0,0.0
2018-05-21,1.17695,1.17944,1.1715,1.17903,106677.0,0.0,0.0
2018-05-22,1.17902,1.18299,1.17555,1.1776200000000001,121688.0,0.0,0.0
2018-05-23,1.1776,1.17886,1.16741,1.16928,160446.0,0.0,0.0
2018-05-24,1.16927,1.17494,1.16893,1.17173,147743.0,0.0,0.0
2018-05-25,1.17175,1.17325,1.16441,1.16446,140080.0,0.0,0.0
2018-05-28,1.16806,1.17285,1.16053,1.1621299999999999,116595.0,0.0,0.0
2018-05-29,1.16205,1.1638,1.1508,1.15371,175859.0,0.0,0.0
2018-05-30,1.15364,1.16763,1.1516899999999999,1.16642,153131.0,0.0,0.0
2018-05-31,1.16638,1.17249,1.16411,1.16913,152921.0,0.0,0.0
2018-06-01,1.16912,1.17187,1.16168,1.16581,136438.0,0.0,0.0
2018-06-04,1.16586,1.17452,1.16576,1.16965,108681.0,0.0,0.0
2018-06-05,1.16958,1.17322,1.16517,1.1716,121058.0,0.0,0.0
2018-06-06,1.1716199999999999,1.17963,1.1711,1.17731,114845.0,0.0,0.0
2018-06-07,1.17733,1.18414,1.17724,1.17977,129817.0,0.0,0.0
2018-06-08,1.17988,1.18109,1.1726,1.17677,117151.0,0.0,0.0
2018-06-11,1.17737,1.18197,1.17703,1.17813,93515.0,1.0,0.0
2018-06-12,1.17812,1.18083,1.17321,1.17429,118857.0,0.0,0.0
2018-06-13,1.17432,1.18002,1.17245,1.17897,114187.0,0.0,0.0
2018-06-14,1.1789,1.18514,1.15612,1.1565,139157.0,0.0,0.0
2018-06-15,1.15651,1.1626400000000001,1.15423,1.16041,134674.0,0.0,0.0
2018-06-18,1.15859,1.16235,1.15644,1.16205,92623.0,0.0,0.0
2018-06-19,1.162,1.16437,1.1529,1.15866,144543.0,0.0,0.0
2018-06-20,1.1587399999999999,1.15992,1.15313,1.1568,108763.0,0.0,0.0
2018-06-21,1.1568100000000001,1.16326,1.15065,1.1601,127370.0,0.0,0.0
2018-06-22,1.16008,1.16753,1.15977,1.1656900000000001,119680.0,0.0,0.0
2018-06-25,1.16654,1.17131,1.16285,1.17021,102906.0,0.0,0.0
2018-06-26,1.1702,1.17211,1.16348,1.16458,112845.0,0.0,0.0
2018-06-27,1.16459,1.16721,1.15407,1.15523,122358.0,0.0,0.0
2018-06-28,1.15525,1.16007,1.15272,1.15673,123939.0,0.0,0.0
2018-06-29,1.15665,1.16906,1.15579,1.16815,135170.0,0.0,0.0
2018-07-02,1.16728,1.16888,1.15902,1.16364,101000.0,0.0,0.0
2018-07-03,1.16364,1.16721,1.16195,1.16543,91689.0,0.0,0.0
2018-07-04,1.16543,1.16809,1.16293,1.16539,71375.0,0.0,0.0
2018-07-05,1.16533,1.17192,1.16489,1.16879,98257.0,0.0,0.0
2018-07-06,1.16882,1.17669,1.1679,1.17414,89496.0,0.0,0.0
2018-07-09,1.17414,1.17897,1.17316,1.17481,88860.0,0.0,0.0
2018-07-10,1.1748,1.17626,1.16885,1.17431,70163.0,5.0,0.0
2018-07-11,1.17417,1.1758,1.16629,1.16684,92585.0,9.0,0.0
2018-07-12,1.16688,1.1694,1.16475,1.16678,76453.0,9.0,0.0
2018-07-13,1.16678,1.1686,1.161,1.16826,71632.0,9.0,0.0
2018-07-16,1.16892,1.17258,1.1675,1.1710099999999999,68959.0,9.0,0.0
2018-07-17,1.17084,1.17447,1.16467,1.1657,78756.0,9.0,0.0
2018-07-18,1.16558,1.16624,1.15989,1.16351,77745.0,9.0,0.0
2018-07-19,1.16349,1.1676,1.1572,1.16377,98376.0,9.0,0.0
2018-07-20,1.16374,1.17363,1.16236,1.17169,107426.0,9.0,0.0
2018-07-23,1.17241,1.1749,1.16812,1.16875,70930.0,9.0,0.0
2018-07-24,1.16875,1.17144,1.1652,1.16846,76324.0,9.0,0.0
2018-07-25,1.16841,1.17388,1.1661299999999999,1.17286,80573.0,10.0,0.0
2018-07-26,1.17276,1.17458,1.16368,1.16381,79839.0,10.0,0.0
2018-07-27,1.16381,1.1662,1.16167,1.16531,65066.0,10.0,0.0
2018-07-30,1.16532,1.17217,1.16456,1.17062,52470.0,10.0,0.0
2018-07-31,1.1706,1.17506,1.16844,1.16909,74757.0,10.0,0.0
2018-08-01,1.1691,1.17007,1.16564,1.16572,69905.0,10.0,0.0
2018-08-02,1.16583,1.16668,1.15791,1.15819,64327.0,10.0,0.0
2018-08-03,1.15818,1.16092,1.1558,1.15645,68131.0,10.0,0.0
2018-08-06,1.15672,1.1569099999999999,1.1528100000000001,1.1551,47534.0,10.0,0.0
2018-08-07,1.1549800000000001,1.16073,1.15479,1.15963,51007.0,10.0,0.0
2018-08-08,1.15961,1.16276,1.15719,1.16083,54607.0,10.0,0.0
2018-08-09,1.16082,1.16185,1.15224,1.15239,65062.0,10.0,0.0
2018-08-10,1.15231,1.15348,1.13867,1.1408,111479.0,10.0,0.0
2018-08-13,1.13711,1.14323,1.13638,1.14084,104120.0,10.0,0.0
2018-08-14,1.14086,1.14289,1.13285,1.13415,80399.0,10.0,0.0
2018-08-15,1.13414,1.13544,1.13,1.13435,81963.0,10.0,0.0
2018-08-16,1.1343,1.14091,1.1335,1.1375,85622.0,10.0,0.0
2018-08-17,1.1374900000000001,1.14458,1.13659,1.14384,71169.0,10.0,0.0
2018-08-20,1.14386,1.14862,1.13938,1.14819,58209.0,10.0,0.0
2018-08-21,1.14824,1.16024,1.14811,1.15707,82286.0,10.0,0.0
2018-08-22,1.15707,1.16244,1.15545,1.15968,74922.0,10.0,0.0
2018-08-23,1.15965,1.16016,1.15306,1.15387,75630.0,10.0,0.0
2018-08-24,1.15385,1.16412,1.15356,1.16227,74673.0,10.0,0.0
2018-08-27,1.16164,1.16953,1.1596,1.1679,59575.0,6.0,0.0
2018-08-28,1.16784,1.17352,1.1663999999999999,1.16946,72831.0,10.0,0.0
2018-08-29,1.16946,1.17109,1.16532,1.17073,79378.0,10.0,0.0
2018-08-30,1.1706699999999999,1.17198,1.1643,1.16717,81151.0,10.0,0.0
2018-08-31,1.16717,1.16916,1.15861,1.16016,87401.0,10.0,0.0
2018-09-03,1.15967,1.16295,1.15905,1.16197,50088.0,10.0,0.0
2018-09-04,1.16189,1.16205,1.15317,1.15811,71829.0,10.0,0.0
2018-09-05,1.15808,1.1642000000000001,1.15439,1.163,84534.0,10.0,0.0
2018-09-06,1.16305,1.1661,1.16068,1.16227,79901.0,10.0,0.0
2018-09-07,1.16224,1.1651,1.15522,1.15544,80405.0,8.0,0.0
2018-09-10,1.15501,1.16178,1.15272,1.15927,59644.0,8.0,0.0
2018-09-11,1.15917,1.16458,1.15669,1.16061,63776.0,8.0,0.0
2018-09-12,1.16054,1.16513,1.15716,1.16262,69576.0,8.0,0.0
2018-09-13,1.16258,1.17028,1.16107,1.16906,67959.0,8.0,0.0
2018-09-14,1.16903,1.17233,1.16222,1.16229,66868.0,8.0,0.0
2018-09-17,1.16252,1.16998,1.16195,1.1683,57575.0,8.0,0.0
2018-09-18,1.16833,1.17261,1.16535,1.16663,80647.0,8.0,0.0
2018-09-19,1.16656,1.17165,1.16514,1.16728,71600.0,8.0,0.0
2018-09-20,1.16721,1.17862,1.16703,1.17782,82002.0,8.0,0.0
2018-09-21,1.17774,1.18044,1.17344,1.17497,72753.0,8.0,0.0
2018-09-24,1.17484,1.18168,1.17257,1.17483,69074.0,8.0,0.0
2018-09-25,1.17492,1.17943,1.17324,1.17655,74569.0,8.0,0.0
2018-09-26,1.17656,1.17977,1.17251,1.17372,82675.0,8.0,0.0
2018-09-27,1.17371,1.17572,1.16373,1.16387,94768.0,8.0,0.0
2018-09-28,1.1638600000000001,1.16504,1.1568100000000001,1.16014,99235.0,8.0,0.0
2018-10-01,1.16153,1.16243,1.15624,1.15761,82288.0,8.0,0.0
2018-10-02,1.15761,1.15792,1.15051,1.1545,89334.0,8.0,0.0
2018-10-03,1.15443,1.15938,1.14636,1.14756,102668.0,8.0,0.0
2018-10-04,1.14759,1.15429,1.14631,1.15128,97151.0,8.0,0.0
2018-10-05,1.1513200000000001,1.155,1.1484,1.15184,92074.0,8.0,0.0
2018-10-08,1.15216,1.15298,1.14598,1.14899,64966.0,8.0,0.0
2018-10-09,1.14898,1.15035,1.1432,1.14887,94582.0,9.0,0.0
2018-10-10,1.14894,1.15459,1.14799,1.1519,93127.0,9.0,0.0
2018-10-11,1.15188,1.15999,1.15187,1.1593,133785.0,9.0,0.0
2018-10-12,1.1592,1.16112,1.15344,1.15583,89268.0,9.0,0.0
2018-10-15,1.15393,1.16068,1.15385,1.15777,80017.0,9.0,0.0
2018-10-16,1.1578,1.16223,1.15659,1.1573,79612.0,9.0,0.0
2018-10-17,1.1573,1.15807,1.14951,1.14995,89407.0,9.0,0.0
2018-10-18,1.1499,1.15274,1.1449,1.14514,98029.0,9.0,0.0
2018-10-19,1.14513,1.15338,1.14318,1.15117,91985.0,9.0,0.0
2018-10-22,1.15156,1.15507,1.14554,1.1463,67840.0,9.0,0.0
2018-10-23,1.14634,1.14937,1.14388,1.14692,84666.0,9.0,0.0
2018-10-24,1.14695,1.14765,1.1378300000000001,1.13903,91797.0,9.0,0.0
2018-10-25,1.13901,1.14327,1.13559,1.13737,82947.0,9.0,0.0
2018-10-26,1.13716,1.14213,1.13355,1.14018,87135.0,9.0,0.0
2018-10-29,1.13981,1.14164,1.13605,1.13714,75528.0,9.0,0.0
2018-10-30,1.13714,1.13878,1.13403,1.13422,66989.0,9.0,0.0
2018-10-31,1.13425,1.1360000000000001,1.13018,1.1313,78376.0,9.0,0.0
2018-11-01,1.13142,1.14249,1.13117,1.14019,88743.0,9.0,0.0
2018-11-02,1.14018,1.14566,1.13721,1.13863,91673.0,9.0,0.0
2018-11-05,1.13861,1.14242,1.13528,1.14059,75183.0,9.0,0.0
2018-11-06,1.14059,1.14382,1.13914,1.14253,79029.0,9.0,0.0
2018-11-07,1.14251,1.15024,1.13945,1.14251,117580.0,9.0,0.0
2018-11-08,1.14242,1.14469,1.13513,1.13629,95537.0,9.0,0.0
2018-11-09,1.13625,1.1368800000000001,1.1316,1.13336,87720.0,9.0,0.0
2018-11-12,1.13199,1.13305,1.12146,1.12168,90193.0,9.0,0.0
2018-11-13,1.12163,1.12937,1.12153,1.12881,102969.0,9.0,0.0
2018-11-14,1.12883,1.13477,1.1263,1.13098,96788.0,9.0,0.0
2018-11-15,1.13057,1.13626,1.12704,1.13244,99793.0,9.0,0.0
2018-11-16,1.13243,1.14211,1.13216,1.14174,58499.0,9.0,0.0
2018-11-19,1.14133,1.14653,1.13946,1.14522,58382.0,9.0,0.0
2018-11-20,1.14524,1.14731,1.13594,1.13695,70505.0,9.0,0.0
2018-11-21,1.13696,1.14257,1.13662,1.13841,65033.0,9.0,0.0
2018-11-22,1.13828,1.14348,1.13803,1.14011,51539.0,9.0,0.0
2018-11-23,1.14001,1.14221,1.13284,1.13351,39374.0,9.0,0.0
2018-11-26,1.13396,1.13846,1.13253,1.13282,57114.0,9.0,0.0
2018-11-27,1.13272,1.13446,1.1278,1.12862,77221.0,9.0,0.0
2018-11-28,1.12873,1.13886,1.12679,1.13662,76606.0,9.0,0.0
2018-11-29,1.1366100000000001,1.14025,1.13494,1.13924,78176.0,9.0,0.0
2018-11-30,1.13917,1.14011,1.13062,1.13189,74021.0,9.0,0.0
2018-12-03,1.1352,1.13805,1.13199,1.13525,69190.0,9.0,0.0
2018-12-04,1.13524,1.14195,1.13189,1.13426,85117.0,9.0,0.0
2018-12-05,1.13426,1.13615,1.13107,1.13442,51725.0,9.0,0.0
2018-12-06,1.13442,1.14136,1.1320999999999999,1.13763,98323.0,9.0,0.0
2018-12-07,1.1373199999999999,1.14246,1.13608,1.13878,84987.0,9.0,0.0
2018-12-10,1.13913,1.14439,1.1350500000000001,1.13547,90888.0,9.0,0.0
2018-12-11,1.13547,1.1401,1.1306,1.1316,83202.0,9.0,0.0
2018-12-12,1.1316,1.13879,1.13141,1.13685,88514.0,9.0,0.0
2018-12-13,1.13685,1.13944,1.13313,1.13564,75099.0,9.0,0.0
2018-12-14,1.13568,1.13655,1.12693,1.13035,72052.0,9.0,0.0
2018-12-17,1.13036,1.13588,1.13006,1.1347800000000001,65829.0,9.0,0.0
2018-12-18,1.1347800000000001,1.14038,1.13376,1.13609,73986.0,9.0,0.0
2018-12-19,1.13594,1.14406,1.13594,1.13764,89496.0,9.0,0.0
2018-12-20,1.13764,1.14877,1.13708,1.1446,108731.0,9.0,0.0
2018-12-21,1.14456,1.14753,1.13562,1.13686,93040.0,9.0,0.0
2018-12-24,1.1366100000000001,1.14375,1.13581,1.14025,63217.0,9.0,0.0
2018-12-26,1.13868,1.14187,1.13409,1.13497,49407.0,9.0,0.0
2018-12-27,1.13483,1.14533,1.13483,1.14268,106393.0,9.0,0.0
2018-12-28,1.14275,1.14719,1.14234,1.14395,87708.0,9.0,0.0
2018-12-31,1.1431,1.14662,1.14204,1.14603,60297.0,9.0,0.0
2019-01-02,1.14602,1.14959,1.13229,1.13395,88252.0,9.0,0.0
2019-01-03,1.13385,1.14095,1.13067,1.13876,115445.0,9.0,0.0
2019-01-04,1.13899,1.1418,1.13439,1.1391499999999999,90171.0,9.0,0.0
2019-01-07,1.13924,1.1482,1.13923,1.1472,70313.0,9.0,0.0
2019-01-08,1.14723,1.14839,1.14212,1.14386,70167.0,9.0,0.0
2019-01-09,1.14387,1.1558,1.14348,1.15409,93967.0,9.0,0.0
2019-01-10,1.15411,1.15697,1.14838,1.14982,86931.0,9.0,0.0
2019-01-11,1.14979,1.15398,1.14567,1.14651,78985.0,9.0,0.0
2019-01-14,1.14561,1.14812,1.14491,1.14662,73795.0,9.0,0.0
2019-01-15,1.1466,1.1489099999999999,1.13803,1.14105,95584.0,9.0,0.0
2019-01-16,1.14093,1.14234,1.1376,1.1389,77127.0,9.0,0.0
2019-01-17,1.13893,1.14045,1.13682,1.13856,79947.0,9.0,0.0
2019-01-18,1.1385399999999999,1.1408800000000001,1.13513,1.13617,68047.0,9.0,0.0
2019-01-21,1.13575,1.13896,1.1355,1.13622,43735.0,9.0,0.0
2019-01-22,1.13614,1.13723,1.1334,1.13572,60727.0,9.0,0.0
2019-01-23,1.13568,1.1393,1.13485,1.13768,63374.0,9.0,0.0
2019-01-24,1.13787,1.13901,1.12874,1.1299,91119.0,9.0,0.0
2019-01-25,1.13033,1.14173,1.12978,1.14047,86029.0,9.0,0.0
2019-01-28,1.13995,1.14433,1.13897,1.14247,64084.0,9.0,0.0
2019-01-29,1.1424400000000001,1.145,1.14107,1.14311,84646.0,9.0,0.0
2019-01-30,1.1429,1.15013,1.14056,1.14778,87344.0,9.0,0.0
2019-01-31,1.14783,1.15141,1.14348,1.14439,89293.0,9.0,0.0
2019-02-01,1.14446,1.14881,1.14333,1.14534,77946.0,9.0,0.0
2019-02-04,1.14481,1.14594,1.14232,1.14333,60382.0,9.0,0.0
2019-02-05,1.14353,1.14396,1.13999,1.14033,59861.0,9.0,0.0
2019-02-06,1.14033,1.14086,1.13594,1.13596,59056.0,9.0,0.0
2019-02-07,1.13603,1.13675,1.13228,1.13376,64397.0,9.0,0.0
2019-02-08,1.13385,1.13498,1.13189,1.13191,51217.0,9.0,0.0
2019-02-11,1.13156,1.13291,1.12662,1.12741,52561.0,9.0,0.0
2019-02-12,1.12728,1.1338,1.12559,1.13227,53749.0,9.0,0.0
2019-02-13,1.13212,1.13399,1.12577,1.12577,57154.0,9.0,0.0
2019-02-14,1.12576,1.13081,1.12461,1.12923,69758.0,9.0,0.0
2019-02-15,1.1292,1.13046,1.12325,1.12894,63022.0,9.0,0.0
2019-02-18,1.12887,1.13323,1.12869,1.13062,40412.0,9.0,0.0
2019-02-19,1.13059,1.13573,1.1273900000000001,1.1339,67444.0,9.0,0.0
2019-02-20,1.1339,1.13709,1.13246,1.13349,64981.0,9.0,0.0
2019-02-21,1.13343,1.13662,1.13182,1.13323,75930.0,9.0,0.0
2019-02-22,1.13316,1.13552,1.13154,1.13286,60578.0,9.0,0.0
2019-02-25,1.13347,1.13669,1.13268,1.13556,59032.0,9.0,0.0
2019-02-26,1.13559,1.14019,1.1344400000000001,1.13871,67491.0,9.0,0.0
2019-02-27,1.13871,1.14028,1.13616,1.13679,67366.0,9.0,0.0
2019-02-28,1.1368,1.14192,1.13584,1.13673,75177.0,9.0,0.0
2019-03-01,1.13689,1.14079,1.13526,1.13614,66687.0,9.0,0.0
2019-03-04,1.13808,1.13808,1.13083,1.13364,61535.0,9.0,0.0
2019-03-05,1.13384,1.13399,1.1288,1.13055,59247.0,9.0,0.0
2019-03-06,1.13051,1.1323400000000001,1.12839,1.1304,56509.0,9.0,0.0
2019-03-07,1.13035,1.1319,1.11745,1.11907,78986.0,9.0,0.0
2019-03-08,1.11901,1.12447,1.11833,1.12281,73546.0,9.0,0.0
2019-03-11,1.12314,1.1257,1.12202,1.12472,59643.0,9.0,0.0
2019-03-12,1.1247,1.1304400000000001,1.12455,1.12868,68943.0,9.0,0.0
2019-03-13,1.12869,1.1338300000000001,1.12762,1.1329799999999999,58616.0,9.0,0.0
2019-03-14,1.13297,1.13376,1.12937,1.13035,64319.0,9.0,0.0
2019-03-15,1.1304,1.13443,1.12996,1.13238,47418.0,9.0,0.0
2019-03-18,1.13217,1.13591,1.13187,1.13345,41964.0,9.0,0.0
2019-03-19,1.13345,1.13617,1.13333,1.1349,43241.0,8.0,0.0
2019-03-20,1.1349,1.14485,1.13355,1.14239,65192.0,9.0,0.0
2019-03-21,1.1424,1.14378,1.1342,1.1372200000000001,70097.0,9.0,0.0
2019-03-22,1.1372200000000001,1.13906,1.12717,1.1298,81111.0,9.0,0.0
2019-03-25,1.12918,1.13307,1.12875,1.13118,55374.0,9.0,0.0
2019-03-26,1.13118,1.13254,1.12616,1.12683,56033.0,9.0,0.0
2019-03-27,1.12685,1.12841,1.12404,1.1249,72756.0,9.0,0.0
2019-03-28,1.12489,1.12596,1.12117,1.12241,67261.0,9.0,0.0
2019-03-29,1.12244,1.12449,1.12079,1.12153,65137.0,9.0,0.0
2019-04-01,1.12268,1.12482,1.12018,1.12096,56025.0,9.0,0.0
2019-04-02,1.12077,1.12141,1.11815,1.12013,52223.0,9.0,0.0
2019-04-03,1.12004,1.1253,1.11976,1.12297,52378.0,9.0,0.0
2019-04-04,1.12305,1.12458,1.12039,1.12171,45168.0,11.0,0.0
2019-04-05,1.12144,1.12453,1.12081,1.12113,43230.0,11.0,0.0
2019-04-08,1.12116,1.12733,1.1207799999999999,1.12586,40039.0,11.0,0.0
2019-04-09,1.12586,1.12832,1.12537,1.12595,44985.0,11.0,0.0
2019-04-10,1.12587,1.12867,1.12277,1.12711,51554.0,11.0,0.0
2019-04-11,1.12709,1.12862,1.12482,1.12487,54661.0,11.0,0.0
2019-04-12,1.12489,1.13238,1.12489,1.12968,57634.0,11.0,0.0
2019-04-15,1.13014,1.13206,1.12964,1.13015,48046.0,11.0,0.0
2019-04-16,1.13019,1.13135,1.1279,1.12793,74512.0,8.0,0.0
2019-04-17,1.12791,1.1323699999999999,1.12778,1.12924,69810.0,8.0,0.0
2019-04-18,1.12921,1.13032,1.12247,1.12267,83985.0,8.0,0.0
2019-04-19,1.12276,1.12464,1.12256,1.12388,36129.0,8.0,0.0
2019-04-22,1.1244,1.12611,1.12345,1.12558,32894.0,8.0,0.0
2019-04-23,1.12557,1.12602,1.11908,1.12257,66955.0,8.0,0.0
2019-04-24,1.1225,1.1225,1.11394,1.1151,90870.0,8.0,0.0
2019-04-25,1.11497,1.11611,1.11167,1.11296,78885.0,8.0,0.0
2019-04-26,1.11296,1.11726,1.11092,1.11381,76781.0,8.0,0.0
2019-04-29,1.11438,1.11857,1.11435,1.11841,68928.0,8.0,0.0
2019-04-30,1.11842,1.12287,1.11745,1.12142,85019.0,8.0,0.0
2019-05-01,1.12136,1.12646,1.11863,1.11934,77594.0,8.0,0.0
2019-05-02,1.11935,1.12182,1.11692,1.11693,87083.0,8.0,0.0
2019-05-03,1.11669,1.12038,1.11336,1.12,89610.0,8.0,0.0
2019-05-06,1.11744,1.12083,1.11691,1.11966,84837.0,8.0,0.0
2019-05-07,1.11963,1.1217,1.11656,1.11892,77070.0,8.0,0.0
2019-05-08,1.11891,1.1213,1.11819,1.11897,71960.0,8.0,0.0
2019-05-09,1.11898,1.12512,1.11724,1.1214,78243.0,8.0,0.0
2019-05-10,1.1214,1.12539,1.12126,1.12299,73147.0,8.0,0.0
2019-05-13,1.1233,1.12638,1.12205,1.12209,62817.0,8.0,0.0
2019-05-14,1.12209,1.12441,1.12003,1.1202,63156.0,8.0,0.0
2019-05-15,1.1202,1.12231,1.11769,1.12001,65241.0,8.0,0.0
2019-05-16,1.12,1.12234,1.1165,1.11716,60087.0,8.0,0.0
2019-05-17,1.11716,1.11828,1.11538,1.11546,65814.0,8.0,0.0
2019-05-20,1.11585,1.11738,1.11492,1.11645,58900.0,8.0,0.0
2019-05-21,1.11646,1.1186,1.11405,1.1158,63447.0,8.0,0.0
2019-05-22,1.11581,1.11791,1.11475,1.11484,59120.0,8.0,0.0
2019-05-23,1.11484,1.11871,1.1106,1.11818,70560.0,8.0,0.0
2019-05-24,1.11816,1.12123,1.11734,1.12047,62324.0,8.0,0.0
2019-05-27,1.12093,1.12155,1.11873,1.11917,42226.0,8.0,0.0
2019-05-28,1.11915,1.11989,1.11599,1.11605,65111.0,8.0,0.0
2019-05-29,1.11604,1.1173,1.11232,1.11295,71631.0,8.0,0.0
2019-05-30,1.11293,1.1142,1.1114600000000001,1.11273,63357.0,8.0,0.0
2019-05-31,1.11272,1.1179000000000001,1.11235,1.1165,80349.0,8.0,0.0
2019-06-03,1.11658,1.12628,1.11592,1.12413,70269.0,8.0,0.0
2019-06-04,1.12412,1.12782,1.12275,1.1252,73929.0,8.0,0.0
2019-06-05,1.12519,1.1306,1.12195,1.12205,74647.0,1.0,0.0
2019-06-06,1.12204,1.13091,1.12005,1.12757,73063.0,8.0,0.0
2019-06-07,1.12759,1.13483,1.12514,1.13341,67035.0,8.0,0.0
2019-06-10,1.13226,1.13311,1.12907,1.1311499999999999,58488.0,8.0,0.0
2019-06-11,1.1311499999999999,1.1338,1.13022,1.13263,62359.0,8.0,0.0
2019-06-12,1.13262,1.13439,1.12831,1.1287099999999999,63220.0,8.0,0.0
2019-06-13,1.1287099999999999,1.13042,1.12682,1.12758,58855.0,8.0,0.0
2019-06-14,1.12757,1.12894,1.12013,1.1206,63833.0,8.0,0.0
2019-06-17,1.1207799999999999,1.12459,1.12026,1.12168,49265.0,8.0,0.0
2019-06-18,1.1217,1.12424,1.11805,1.11924,67663.0,8.0,0.0
2019-06-19,1.11921,1.12533,1.11862,1.12256,63972.0,8.0,0.0
2019-06-20,1.12256,1.13174,1.12249,1.12924,74421.0,8.0,0.0
2019-06-21,1.12923,1.13788,1.12837,1.13684,73989.0,8.0,0.0
2019-06-24,1.13705,1.14054,1.13666,1.13995,60536.0,8.0,0.0
2019-06-25,1.13995,1.14136,1.13455,1.13666,73307.0,8.0,0.0
2019-06-26,1.13666,1.13916,1.13489,1.13693,70598.0,8.0,0.0
2019-06-27,1.13692,1.13824,1.13487,1.13699,63095.0,8.0,0.0
2019-06-28,1.13699,1.1394199999999999,1.1352,1.13702,61047.0,8.0,0.0
2019-07-01,1.13612,1.1372,1.12806,1.12843,66419.0,8.0,0.0
2019-07-02,1.1284399999999999,1.1320000000000001,1.12746,1.12843,60652.0,8.0,0.0
2019-07-03,1.12842,1.13117,1.12683,1.12768,58243.0,8.0,0.0
2019-07-04,1.1277,1.12949,1.12727,1.12841,38168.0,8.0,0.0
2019-07-05,1.12821,1.12873,1.12063,1.12226,55801.0,8.0,0.0
2019-07-08,1.12252,1.12336,1.12062,1.1213,47262.0,8.0,0.0
2019-07-09,1.12132,1.12179,1.11925,1.12069,47146.0,8.0,0.0
2019-07-10,1.12068,1.12634,1.1201,1.125,56987.0,8.0,0.0
2019-07-11,1.12501,1.12858,1.12447,1.12527,59942.0,8.0,0.0
2019-07-12,1.1252900000000001,1.12745,1.12369,1.12685,55224.0,8.0,0.0
2019-07-15,1.12681,1.1284,1.12536,1.12574,43936.0,7.0,0.0
2019-07-16,1.12572,1.12631,1.12007,1.12089,51675.0,8.0,0.0
2019-07-17,1.12087,1.12328,1.11986,1.12234,46732.0,8.0,0.0
2019-07-18,1.12232,1.12809,1.12045,1.12771,59848.0,8.0,0.0
2019-07-19,1.12771,1.12826,1.12026,1.12185,60318.0,8.0,0.0
2019-07-22,1.12144,1.12244,1.12052,1.1208,48433.0,8.0,0.0
2019-07-23,1.1208,1.12087,1.1145,1.11507,50464.0,8.0,0.0
2019-07-24,1.11508,1.1155,1.11261,1.11391,51590.0,8.0,0.0
2019-07-25,1.11392,1.11869,1.11006,1.11455,64621.0,8.0,0.0
2019-07-26,1.11455,1.11499,1.11112,1.11229,52303.0,8.0,0.0
2019-07-29,1.11226,1.115,1.11119,1.11436,45444.0,8.0,0.0
2019-07-30,1.11435,1.116,1.1131199999999999,1.11535,51808.0,8.0,0.0
2019-07-31,1.11535,1.11612,1.1059,1.10738,64243.0,8.0,0.0
2019-08-01,1.10738,1.10941,1.1025800000000001,1.10835,74857.0,8.0,0.0
2019-08-02,1.10838,1.11158,1.1069,1.11051,77631.0,8.0,0.0
2019-08-05,1.11051,1.12138,1.11037,1.12039,70889.0,8.0,0.0
2019-08-06,1.12038,1.12502,1.11677,1.11975,72876.0,8.0,0.0
2019-08-07,1.11966,1.12422,1.11795,1.11986,76792.0,8.0,0.0
2019-08-08,1.11988,1.12328,1.11772,1.11801,65628.0,8.0,0.0
2019-08-09,1.11802,1.12235,1.11779,1.11984,55861.0,8.0,0.0
2019-08-12,1.11978,1.12313,1.11618,1.12138,51689.0,8.0,0.0
2019-08-13,1.1213899999999999,1.12292,1.11699,1.11705,65070.0,8.0,0.0
2019-08-14,1.11705,1.11905,1.11299,1.11372,79295.0,8.0,0.0
2019-08-15,1.11372,1.1158,1.10908,1.11048,85296.0,8.0,0.0
2019-08-16,1.11053,1.11113,1.10654,1.10891,71006.0,8.0,0.0
2019-08-19,1.10905,1.11128,1.10754,1.10769,57799.0,4.0,0.0
2019-08-20,1.10766,1.1106,1.10649,1.10988,58214.0,8.0,0.0
2019-08-21,1.10985,1.11062,1.10801,1.10833,53103.0,8.0,0.0
2019-08-22,1.10832,1.1112,1.1062400000000001,1.10783,61119.0,8.0,0.0
2019-08-23,1.10781,1.11524,1.10504,1.11377,84915.0,8.0,0.0
2019-08-26,1.11488,1.11632,1.10938,1.10995,94879.0,8.0,0.0
2019-08-27,1.10991,1.1115,1.10854,1.10894,73160.0,8.0,0.0
2019-08-28,1.10892,1.10972,1.10727,1.10764,72302.0,8.0,0.0
2019-08-29,1.10766,1.10909,1.10415,1.10558,76083.0,8.0,0.0
2019-08-30,1.10557,1.10598,1.09626,1.09869,88689.0,4.0,0.0
2019-09-02,1.09894,1.09959,1.09565,1.09656,59723.0,8.0,0.0
2019-09-03,1.09661,1.09772,1.09246,1.09709,85451.0,8.0,0.0
2019-09-04,1.09705,1.10374,1.0967,1.10326,76160.0,8.0,0.0
2019-09-05,1.10341,1.10848,1.10156,1.10326,73944.0,11.0,0.0
2019-09-06,1.10329,1.10565,1.10195,1.1025,68564.0,11.0,0.0
2019-09-09,1.10232,1.10677,1.1014599999999999,1.10439,54147.0,11.0,0.0
2019-09-10,1.1046,1.10587,1.10297,1.1042,57607.0,11.0,0.0
2019-09-11,1.1042,1.10549,1.0984,1.10086,54864.0,11.0,0.0
2019-09-12,1.10084,1.10867,1.09256,1.10617,96772.0,11.0,0.0
2019-09-13,1.10628,1.11094,1.1054599999999999,1.10706,69814.0,2.0,0.0
2019-09-16,1.10719,1.1086,1.09918,1.09981,65988.0,11.0,0.0
2019-09-17,1.09961,1.1074,1.0989,1.1071,71298.0,11.0,0.0
2019-09-18,1.10717,1.10757,1.10129,1.10277,65816.0,11.0,0.0
2019-09-19,1.10275,1.1073,1.10217,1.10387,69697.0,5.0,0.0
2019-09-20,1.10392,1.10669,1.09949,1.1015,66100.0,10.0,0.0
2019-09-23,1.10087,1.10242,1.09648,1.09907,69068.0,11.0,0.0
2019-09-24,1.09915,1.10231,1.09825,1.1017,65730.0,11.0,0.0
2019-09-25,1.10185,1.10217,1.0936,1.094,65409.0,1.0,0.0
2019-09-26,1.09402,1.0966,1.09076,1.09174,63932.0,8.0,0.0
2019-09-27,1.0918,1.09575,1.09035,1.09363,62215.0,2.0,0.0
2019-09-30,1.09389,1.09465,1.08844,1.08972,62880.0,3.0,0.0
2019-10-01,1.08952,1.09415,1.08776,1.093,70571.0,8.0,0.0
2019-10-02,1.09302,1.0963,1.09028,1.09581,65952.0,8.0,0.0
2019-10-03,1.09581,1.09991,1.09405,1.09633,70363.0,8.0,0.0
2019-10-04,1.09635,1.09972,1.09573,1.09763,70754.0,2.0,0.0
2019-10-07,1.09809,1.10019,1.0962,1.09703,59989.0,8.0,0.0
2019-10-08,1.09696,1.09965,1.09404,1.09561,67832.0,8.0,0.0
2019-10-09,1.0955,1.09906,1.09501,1.09714,61952.0,8.0,0.0
2019-10-10,1.09708,1.10347,1.0969,1.10056,79371.0,8.0,0.0
2019-10-11,1.10058,1.10633,1.10016,1.10344,83652.0,8.0,0.0
2019-10-14,1.10304,1.10432,1.10141,1.10254,61924.0,8.0,0.0
2019-10-15,1.10254,1.10466,1.09907,1.10316,70523.0,8.0,0.0
2019-10-16,1.10305,1.1086,1.10222,1.10704,63478.0,10.0,0.0
2019-10-17,1.10713,1.11404,1.10654,1.11237,61126.0,9.0,0.0
2019-10-18,1.11235,1.11719,1.11153,1.1167799999999999,43632.0,10.0,0.0
2019-10-21,1.11603,1.11801,1.11391,1.11493,38843.0,10.0,0.0
2019-10-22,1.11493,1.11575,1.11182,1.11244,42015.0,10.0,0.0
2019-10-23,1.1125,1.1141,1.11065,1.11293,34128.0,10.0,0.0
2019-10-24,1.11305,1.11633,1.10927,1.11025,47453.0,10.0,0.0
2019-10-25,1.11022,1.11232,1.10722,1.10788,31273.0,9.0,0.0
2019-10-28,1.10801,1.11068,1.10753,1.10988,28468.0,10.0,0.0
2019-10-29,1.10988,1.11183,1.10736,1.11114,41111.0,8.0,0.0
2019-10-30,1.11113,1.11529,1.10798,1.11516,50856.0,9.0,0.0
2019-10-31,1.11523,1.11755,1.11313,1.1151,50320.0,10.0,0.0
2019-11-01,1.1151,1.11718,1.11283,1.11639,52765.0,8.0,0.0
2019-11-04,1.11688,1.11754,1.11247,1.11272,57327.0,8.0,0.0
2019-11-05,1.11269,1.114,1.1062400000000001,1.10733,69460.0,8.0,0.0
2019-11-06,1.10732,1.10919,1.10641,1.10646,59218.0,8.0,0.0
2019-11-07,1.10635,1.10907,1.10348,1.10484,72411.0,8.0,0.0
2019-11-08,1.10483,1.10543,1.10156,1.10188,59487.0,8.0,0.0
2019-11-11,1.10214,1.10419,1.10153,1.10316,49304.0,8.0,0.0
2019-11-12,1.10313,1.10375,1.10012,1.10074,61153.0,8.0,0.0
2019-11-13,1.10068,1.1019,1.09939,1.10045,64027.0,8.0,0.0
2019-11-14,1.10044,1.10259,1.09876,1.10198,63074.0,8.0,0.0
2019-11-15,1.1019700000000001,1.10562,1.10131,1.10524,57238.0,8.0,0.0
2019-11-18,1.10493,1.10904,1.10471,1.10718,55191.0,8.0,0.0
2019-11-19,1.10718,1.10843,1.10632,1.10785,52590.0,8.0,0.0
2019-11-20,1.10784,1.10815,1.10525,1.10725,60177.0,8.0,0.0
2019-11-21,1.10719,1.1097299999999999,1.10519,1.10579,58178.0,8.0,0.0
2019-11-22,1.10578,1.10873,1.10132,1.10187,44800.0,7.0,0.0
2019-11-25,1.10157,1.10312,1.10023,1.10117,35055.0,8.0,0.0
2019-11-26,1.10114,1.1024,1.10059,1.10193,34711.0,8.0,0.0
2019-11-27,1.10185,1.10235,1.09909,1.09975,36116.0,0.0,0.0
2019-11-28,1.09975,1.10166,1.09969,1.10055,25705.0,8.0,0.0
2019-11-29,1.10058,1.1027,1.0979700000000001,1.10155,36354.0,8.0,0.0
2019-12-02,1.10218,1.1091199999999999,1.10016,1.10784,43823.0,5.0,0.0
2019-12-03,1.10788,1.1094,1.10663,1.10811,40287.0,9.0,0.0
2019-12-04,1.10813,1.11166,1.10667,1.10765,46478.0,9.0,0.0
2019-12-05,1.10766,1.11084,1.10764,1.11043,34304.0,8.0,0.0
2019-12-06,1.11039,1.11102,1.10389,1.10559,33445.0,9.0,0.0
2019-12-09,1.10556,1.10774,1.10523,1.10626,25562.0,9.0,0.0
2019-12-10,1.10626,1.10979,1.10619,1.10919,32025.0,9.0,0.0
2019-12-11,1.10935,1.11453,1.10697,1.11294,40293.0,10.0,0.0
2019-12-12,1.11295,1.11548,1.1103399999999999,1.11261,54301.0,10.0,0.0
2019-12-13,1.11284,1.11995,1.11019,1.11179,75102.0,0.0,0.0
2019-12-16,1.11271,1.11585,1.11228,1.11435,36429.0,9.0,0.0
2019-12-17,1.11435,1.11752,1.11296,1.11496,41069.0,10.0,0.0
2019-12-18,1.11486,1.11545,1.111,1.11119,36631.0,10.0,0.0
2019-12-19,1.11125,1.11445,1.11068,1.11209,38867.0,10.0,0.0
2019-12-20,1.11202,1.11247,1.1065,1.10751,33219.0,9.0,0.0
2019-12-23,1.10772,1.10949,1.10688,1.10874,31467.0,9.0,0.0
2019-12-24,1.10874,1.1093,1.10679,1.10863,31273.0,10.0,0.0
2019-12-26,1.10874,1.11082,1.10812,1.10955,16680.0,14.0,0.0
2019-12-27,1.10965,1.11888,1.1090200000000001,1.1173,39095.0,13.0,0.0
2019-12-30,1.11745,1.12216,1.11719,1.11992,36903.0,15.0,0.0
2019-12-31,1.11993,1.12402,1.11972,1.1212,37118.0,15.0,0.0
2020-01-02,1.1212,1.12255,1.1164,1.1172,37991.0,20.0,0.0
2020-01-03,1.1172,1.11792,1.11241,1.1154,40083.0,21.0,0.0
2020-01-06,1.1163,1.12058,1.11565,1.11955,33765.0,21.0,0.0
2020-01-07,1.11948,1.11978,1.11327,1.11518,36622.0,15.0,0.0
2020-01-08,1.11514,1.11675,1.10998,1.11039,52731.0,15.0,0.0
2020-01-09,1.11029,1.11192,1.10911,1.11043,32880.0,15.0,0.0
2020-01-10,1.11042,1.11279,1.10837,1.11149,32104.0,15.0,0.0
2020-01-13,1.1113,1.11459,1.11104,1.11328,27864.0,14.0,0.0
2020-01-14,1.1132,1.11436,1.1103,1.11261,33153.0,13.0,0.0
2020-01-15,1.11257,1.11629,1.11173,1.11488,29466.0,7.0,0.0
2020-01-16,1.11487,1.11718,1.1126800000000001,1.11347,31260.0,7.0,0.0
2020-01-17,1.11347,1.11416,1.10847,1.10886,30273.0,4.0,0.0
2020-01-20,1.10913,1.11011,1.10751,1.10932,21901.0,6.0,0.0
2020-01-21,1.10929,1.11167,1.10794,1.10805,29772.0,5.0,0.0
2020-01-22,1.10817,1.1097,1.10687,1.10914,31180.0,7.0,0.0
2020-01-23,1.1091199999999999,1.11072,1.10346,1.10501,39186.0,7.0,0.0
2020-01-24,1.10501,1.10599,1.10177,1.1023,32536.0,6.0,0.0
2020-01-27,1.10284,1.10358,1.10076,1.10161,33172.0,7.0,0.0
2020-01-28,1.10169,1.10236,1.09959,1.10199,28420.0,5.0,0.0
2020-01-29,1.10203,1.1025800000000001,1.0990199999999999,1.10078,29368.0,8.0,0.0
2020-01-30,1.10076,1.10373,1.10041,1.10295,33876.0,6.0,0.0
2020-01-31,1.10289,1.10943,1.10149,1.10936,37388.0,7.0,0.0
2020-02-03,1.10925,1.10929,1.1034,1.10562,35557.0,6.0,0.0
2020-02-04,1.1056,1.10627,1.10312,1.10419,29200.0,7.0,0.0
2020-02-05,1.10418,1.10462,1.09915,1.09966,31822.0,7.0,0.0
2020-02-06,1.09966,1.10118,1.09623,1.09803,27585.0,6.0,0.0
2020-02-07,1.09801,1.0983,1.09398,1.09428,34779.0,7.0,0.0
2020-02-10,1.09436,1.0955300000000001,1.09052,1.09081,25758.0,7.0,0.0
2020-02-11,1.09081,1.09225,1.08886,1.09122,27149.0,7.0,0.0
2020-02-12,1.09123,1.09232,1.08625,1.08709,27915.0,7.0,0.0
2020-02-13,1.08709,1.08864,1.08315,1.08372,31267.0,7.0,0.0
2020-02-14,1.0836999999999999,1.08589,1.08249,1.08275,27280.0,6.0,0.0
2020-02-17,1.08383,1.08486,1.08266,1.08321,20491.0,6.0,0.0
2020-02-18,1.0832600000000001,1.08351,1.07832,1.07886,34165.0,6.0,0.0
2020-02-19,1.07886,1.0809,1.07799,1.0802100000000001,30890.0,5.0,0.0
2020-02-20,1.08017,1.0819,1.07753,1.07823,38010.0,7.0,0.0
2020-02-21,1.07821,1.08616,1.07812,1.08449,38066.0,7.0,0.0
2020-02-24,1.08095,1.08701,1.08028,1.08504,50008.0,7.0,0.0
2020-02-25,1.08506,1.08884,1.08281,1.08789,51898.0,6.0,0.0
2020-02-26,1.08789,1.09068,1.0853,1.08794,53231.0,8.0,0.0
2020-02-27,1.08803,1.10065,1.08745,1.09994,65291.0,6.0,0.0
2020-02-28,1.09993,1.10533,1.09499,1.10267,81716.0,7.0,0.0
2020-03-02,1.10476,1.11854,1.1036,1.11333,91179.0,7.0,0.0
2020-03-03,1.11335,1.12136,1.10949,1.11716,89302.0,6.0,0.0
2020-03-04,1.11696,1.11876,1.10949,1.1134,63969.0,7.0,0.0
2020-03-05,1.11333,1.12449,1.11193,1.12379,56894.0,6.0,0.0
2020-03-06,1.12376,1.13552,1.12118,1.1286,105784.0,7.0,0.0
2020-03-09,1.1348799999999999,1.14954,1.13404,1.14463,174504.0,8.0,0.0
2020-03-10,1.1446399999999999,1.14581,1.12747,1.12909,163594.0,8.0,0.0
2020-03-11,1.12916,1.13668,1.12494,1.12607,121908.0,8.0,0.0
2020-03-12,1.12606,1.13336,1.10547,1.1166800000000001,185745.0,8.0,0.0
2020-03-13,1.11676,1.1221,1.10542,1.10982,170087.0,8.0,0.0
2020-03-16,1.11882,1.12365,1.10839,1.11775,225150.0,8.0,0.0
2020-03-17,1.11756,1.1189,1.09535,1.1005,191304.0,8.0,0.0
2020-03-18,1.10043,1.10446,1.08004,1.0911,210614.0,8.0,0.0
2020-03-19,1.09109,1.09804,1.06505,1.06569,253407.0,8.0,0.0
2020-03-20,1.06569,1.083,1.06364,1.06921,279765.0,8.0,0.0
2020-03-23,1.0693,1.08272,1.0635,1.0726,243441.0,6.0,0.0
2020-03-24,1.07266,1.08871,1.07227,1.078,173555.0,6.0,0.0
2020-03-25,1.07789,1.0893,1.07593,1.08789,148372.0,6.0,0.0
2020-03-26,1.08792,1.10581,1.08691,1.10283,122119.0,6.0,0.0
2020-03-27,1.10289,1.11468,1.09523,1.11372,134478.0,6.0,0.0
2020-03-30,1.11168,1.1144,1.10086,1.10408,105740.0,6.0,0.0
2020-03-31,1.10372,1.10534,1.09252,1.1028,124429.0,6.0,0.0
2020-04-01,1.10326,1.10384,1.09019,1.09598,92148.0,6.0,0.0
2020-04-02,1.09609,1.09672,1.08198,1.0855,100860.0,6.0,0.0
2020-04-03,1.08544,1.0864,1.0771600000000001,1.08063,83498.0,6.0,0.0
2020-04-06,1.08077,1.08344,1.07671,1.07913,82920.0,6.0,0.0
2020-04-07,1.07913,1.09256,1.07827,1.08961,76030.0,6.0,0.0
2020-04-08,1.0895,1.0907,1.08343,1.08551,78324.0,6.0,0.0
2020-04-09,1.08539,1.09515,1.08399,1.09282,75025.0,6.0,0.0
2020-04-10,1.09283,1.09516,1.09177,1.09311,55118.0,6.0,0.0
2020-04-13,1.09487,1.0967500000000001,1.08917,1.09086,49612.0,6.0,0.0
2020-04-14,1.09055,1.09867,1.0901,1.09773,63142.0,6.0,0.0
2020-04-15,1.09782,1.099,1.0855299999999999,1.09082,63093.0,6.0,0.0
2020-04-16,1.0905,1.09106,1.08162,1.08385,70353.0,6.0,0.0
2020-04-17,1.08354,1.08928,1.08117,1.08706,60500.0,6.0,0.0
2020-04-20,1.08657,1.0895299999999999,1.08398,1.08609,48601.0,6.0,0.0
2020-04-21,1.08582,1.08792,1.08156,1.08555,57429.0,6.0,0.0
2020-04-22,1.08547,1.08849,1.0802,1.08212,38723.0,6.0,0.0
2020-04-23,1.08216,1.08458,1.0755,1.0775,51822.0,6.0,0.0
2020-04-24,1.0775,1.08279,1.07258,1.08185,43078.0,6.0,0.0
2020-04-27,1.08205,1.08599,1.08105,1.08276,40115.0,6.0,0.0
2020-04-28,1.0827,1.08885,1.08086,1.08173,41145.0,6.0,0.0
2020-04-29,1.08176,1.08849,1.08158,1.0869,43475.0,6.0,0.0
2020-04-30,1.08717,1.09723,1.08319,1.09514,55935.0,6.0,0.0
2020-05-01,1.095,1.10177,1.09345,1.09787,40643.0,6.0,0.0
2020-05-04,1.0968,1.09737,1.08938,1.09053,42584.0,6.0,0.0
2020-05-05,1.09012,1.09243,1.0824,1.08378,44076.0,6.0,0.0
2020-05-06,1.08362,1.08457,1.07798,1.07923,40382.0,6.0,0.0
2020-05-07,1.07888,1.08323,1.07646,1.08303,44838.0,6.0,0.0
2020-05-08,1.08316,1.08741,1.08134,1.08348,36124.0,6.0,0.0
2020-05-11,1.08249,1.0849,1.07983,1.08042,36217.0,6.0,0.0
2020-05-12,1.0802100000000001,1.08846,1.07827,1.08456,38848.0,6.0,0.0
2020-05-13,1.08454,1.08949,1.08105,1.08165,42464.0,6.0,0.0
2020-05-14,1.08167,1.08231,1.07735,1.08029,39494.0,6.0,0.0
2020-05-15,1.08033,1.08502,1.07876,1.08175,37970.0,6.0,0.0
2020-05-18,1.08094,1.09274,1.07987,1.09124,38225.0,6.0,0.0
2020-05-19,1.09161,1.09766,1.09028,1.09223,40892.0,6.0,0.0
2020-05-20,1.09233,1.09996,1.09188,1.09783,38176.0,6.0,0.0
2020-05-21,1.09768,1.1009,1.09373,1.09476,38458.0,6.0,0.0
2020-05-22,1.09495,1.0954,1.08847,1.08987,33873.0,6.0,0.0
2020-05-25,1.08948,1.09142,1.08695,1.0894,22025.0,6.0,0.0
2020-05-26,1.0894,1.09966,1.08904,1.09824,35831.0,6.0,0.0
2020-05-27,1.09823,1.10311,1.09339,1.10069,55973.0,6.0,0.0
2020-05-28,1.10096,1.10943,1.09917,1.10772,50719.0,6.0,0.0
2020-05-29,1.10769,1.11459,1.1068500000000001,1.11031,58792.0,6.0,0.0
2020-06-01,1.11156,1.11546,1.11011,1.11359,49534.0,6.0,0.0
2020-06-02,1.11362,1.11965,1.11156,1.11686,56179.0,6.0,0.0
2020-06-03,1.11698,1.12582,1.11673,1.12338,61396.0,6.0,0.0
2020-06-04,1.12332,1.1362700000000001,1.11952,1.1337,67946.0,6.0,0.0
2020-06-05,1.13375,1.1384400000000001,1.12784,1.12908,66299.0,6.0,0.0
2020-06-08,1.12933,1.13203,1.12687,1.12941,51240.0,6.0,0.0
2020-06-09,1.12921,1.13646,1.12411,1.134,60607.0,6.0,0.0
2020-06-10,1.1337,1.14226,1.13225,1.13733,73069.0,4.0,0.0
2020-06-11,1.1373199999999999,1.14039,1.12886,1.1298300000000001,84752.0,6.0,0.0
2020-06-12,1.12938,1.13409,1.12126,1.1255,79073.0,6.0,0.0
2020-06-15,1.12335,1.13328,1.12266,1.13235,72026.0,6.0,0.0
2020-06-16,1.13252,1.1353900000000001,1.1228,1.12631,72879.0,6.0,0.0
2020-06-17,1.12634,1.12943,1.12068,1.12437,66356.0,6.0,0.0
2020-06-18,1.12409,1.12619,1.11856,1.12055,60220.0,6.0,0.0
2020-06-19,1.12012,1.12545,1.11681,1.11766,56631.0,6.0,0.0
2020-06-22,1.11826,1.12704,1.11683,1.12606,47931.0,6.0,0.0
2020-06-23,1.1257,1.13494,1.12337,1.13082,62181.0,6.0,0.0
2020-06-24,1.13081,1.13266,1.12482,1.12503,57448.0,6.0,0.0
2020-06-25,1.12504,1.12598,1.11894,1.12165,58417.0,6.0,0.0
2020-06-26,1.12145,1.12395,1.11946,1.12158,43906.0,6.0,0.0
2020-06-29,1.12203,1.12885,1.12155,1.12411,44917.0,6.0,0.0
2020-06-30,1.12417,1.12622,1.11905,1.1234,50460.0,6.0,0.0
2020-07-01,1.12331,1.12757,1.11847,1.12506,47299.0,6.0,0.0
2020-07-02,1.12491,1.13033,1.12235,1.12392,46627.0,6.0,0.0
2020-07-03,1.12365,1.12514,1.12193,1.12437,40735.0,6.0,0.0
2020-07-06,1.12437,1.13457,1.12408,1.13094,42723.0,6.0,0.0
2020-07-07,1.13066,1.13329,1.1259000000000001,1.12731,46579.0,6.0,0.0
2020-07-08,1.1274,1.13525,1.12626,1.13303,46081.0,6.0,0.0
2020-07-09,1.13273,1.13715,1.12804,1.12848,53152.0,6.0,0.0
2020-07-10,1.12833,1.13254,1.12538,1.12994,40915.0,6.0,0.0
2020-07-13,1.1305,1.13758,1.13013,1.13436,44845.0,6.0,0.0
2020-07-14,1.13441,1.14097,1.13256,1.14004,52607.0,6.0,0.0
2020-07-15,1.1397,1.1453,1.13921,1.14126,48708.0,6.0,0.0
2020-07-16,1.14077,1.14426,1.13711,1.13839,49152.0,6.0,0.0
2020-07-17,1.13838,1.14446,1.13754,1.14283,38047.0,6.0,0.0
2020-07-20,1.14124,1.14686,1.14029,1.14483,50676.0,6.0,0.0
2020-07-21,1.14457,1.15409,1.14237,1.15276,54617.0,6.0,0.0
2020-07-22,1.15283,1.16019,1.15073,1.157,63066.0,6.0,0.0
2020-07-23,1.15765,1.1627399999999999,1.15408,1.15967,59395.0,6.0,0.0
2020-07-24,1.15949,1.16587,1.15817,1.1656,57589.0,6.0,0.0
2020-07-27,1.16449,1.17823,1.16419,1.17526,64741.0,6.0,0.0
2020-07-28,1.17521,1.17749,1.16989,1.17166,65589.0,6.0,0.0
2020-07-29,1.17141,1.18067,1.17138,1.17911,62412.0,6.0,0.0
2020-07-30,1.17887,1.1849,1.1731,1.18475,65436.0,6.0,0.0
2020-07-31,1.18471,1.19096,1.17618,1.17766,81098.0,6.0,0.0
2020-08-03,1.17709,1.17968,1.16955,1.17619,60039.0,6.0,0.0
2020-08-04,1.17624,1.18055,1.17212,1.18027,57212.0,6.0,0.0
2020-08-05,1.1795499999999999,1.19048,1.1792799999999999,1.18629,57471.0,6.0,0.0
2020-08-06,1.18589,1.19158,1.18178,1.18768,68192.0,6.0,0.0
2020-08-07,1.18762,1.18831,1.17551,1.1785700000000001,67290.0,6.0,0.0
2020-08-10,1.1788,1.18006,1.17358,1.17371,48015.0,6.0,0.0
2020-08-11,1.17359,1.18073,1.1722,1.17395,70678.0,6.0,0.0
2020-08-12,1.17395,1.18166,1.17111,1.17831,72305.0,6.0,0.0
2020-08-13,1.17813,1.1864,1.17775,1.18126,63132.0,6.0,0.0
2020-08-14,1.18125,1.18504,1.17815,1.18414,54460.0,6.0,0.0
2020-08-17,1.1839,1.18813,1.18238,1.18702,52253.0,6.0,0.0
2020-08-18,1.1868400000000001,1.19665,1.18644,1.19315,65915.0,6.0,0.0
2020-08-19,1.19288,1.19537,1.18302,1.1837900000000001,71830.0,6.0,0.0
2020-08-20,1.18357,1.18681,1.18018,1.18602,74373.0,6.0,0.0
2020-08-21,1.18595,1.18834,1.17531,1.17954,67605.0,6.0,0.0
2020-08-24,1.17921,1.18502,1.17841,1.17873,54982.0,6.0,0.0
2020-08-25,1.17862,1.18441,1.1784,1.18344,62602.0,6.0,0.0
2020-08-26,1.18343,1.18396,1.17716,1.18297,59675.0,6.0,0.0
2020-08-27,1.1828400000000001,1.1902,1.17619,1.18217,87069.0,6.0,0.0
2020-08-28,1.18195,1.19207,1.18113,1.19049,77044.0,6.0,0.0
2020-08-31,1.19001,1.19668,1.18846,1.19368,60111.0,6.0,0.0
2020-09-01,1.19329,1.2012,1.19011,1.19114,74881.0,6.0,0.0
2020-09-02,1.19116,1.19288,1.18209,1.18533,66167.0,6.0,0.0
2020-09-03,1.18504,1.18644,1.17872,1.18515,68683.0,6.0,0.0
2020-09-04,1.1846700000000001,1.18647,1.178,1.18378,70168.0,6.0,0.0
2020-09-07,1.18454,1.18485,1.18097,1.18138,38064.0,6.0,0.0
2020-09-08,1.1812,1.1826699999999999,1.17645,1.17748,66755.0,6.0,0.0
2020-09-09,1.17728,1.18339,1.17516,1.18026,59166.0,6.0,0.0
2020-09-10,1.17986,1.1918199999999999,1.17984,1.18131,70871.0,6.0,0.0
2020-09-11,1.18093,1.1874500000000001,1.18093,1.18465,53980.0,6.0,0.0
2020-09-14,1.18336,1.18885,1.1832,1.18639,43984.0,6.0,0.0
2020-09-15,1.1863299999999999,1.19011,1.18386,1.18463,47604.0,6.0,0.0
2020-09-16,1.18464,1.1883,1.17874,1.18148,63010.0,6.0,0.0
2020-09-17,1.18139,1.18529,1.17365,1.18482,68959.0,6.0,0.0
2020-09-18,1.1847699999999999,1.18711,1.18268,1.18394,52071.0,6.0,0.0
2020-09-21,1.18413,1.18725,1.17301,1.17691,64454.0,6.0,0.0
2020-09-22,1.17631,1.17724,1.16904,1.17054,66834.0,6.0,0.0
2020-09-23,1.17059,1.17178,1.16498,1.16577,69881.0,0.0,0.0
2020-09-24,1.16583,1.1686,1.16249,1.16666,70770.0,4.0,0.0
2020-09-25,1.16717,1.1684,1.1610800000000001,1.16297,60781.0,4.0,0.0
2020-09-28,1.16224,1.16807,1.1614,1.1666400000000001,50036.0,4.0,0.0
2020-09-29,1.16606,1.17469,1.16606,1.17443,55838.0,4.0,0.0
2020-09-30,1.17443,1.17567,1.16843,1.17192,78257.0,4.0,0.0
2020-10-01,1.1718899999999999,1.1770100000000001,1.17174,1.17417,80150.0,4.0,0.0
2020-10-02,1.17429,1.17479,1.1695,1.17158,92329.0,4.0,0.0
2020-10-05,1.17104,1.17987,1.17051,1.17837,55356.0,4.0,0.0
2020-10-06,1.17819,1.18089,1.17316,1.17321,69607.0,4.0,0.0
2020-10-07,1.17328,1.17825,1.17243,1.17585,61722.0,4.0,0.0
2020-10-08,1.17591,1.17824,1.17326,1.17595,50851.0,4.0,0.0
2020-10-09,1.1757,1.18323,1.1752799999999999,1.18307,53578.0,4.0,0.0
2020-10-12,1.18099,1.1828,1.17876,1.18118,44422.0,4.0,0.0
2020-10-13,1.1812,1.18166,1.17293,1.17411,54825.0,4.0,0.0
2020-10-14,1.17418,1.17704,1.17177,1.17436,55434.0,4.0,0.0
2020-10-15,1.17431,1.17568,1.16867,1.17041,62337.0,4.0,0.0
2020-10-16,1.1706,1.1745700000000001,1.16922,1.1709100000000001,55716.0,4.0,0.0
2020-10-19,1.17159,1.17951,1.17022,1.17694,50168.0,5.0,0.0
2020-10-20,1.17671,1.18423,1.17607,1.18221,51171.0,5.0,0.0
2020-10-21,1.18224,1.18826,1.18215,1.18552,63850.0,5.0,0.0
2020-10-22,1.1859,1.18687,1.1812,1.18165,55128.0,5.0,0.0
2020-10-23,1.18168,1.18655,1.17861,1.18548,54046.0,5.0,0.0
2020-10-26,1.18577,1.18603,1.18037,1.18095,48307.0,5.0,0.0
2020-10-27,1.18094,1.18398,1.17812,1.17873,36694.0,6.0,0.0
2020-10-28,1.17874,1.17878,1.17147,1.17441,48150.0,6.0,0.0
2020-10-29,1.17437,1.1757900000000001,1.16485,1.16723,51038.0,6.0,0.0
2020-10-30,1.16724,1.17028,1.16384,1.16412,49858.0,6.0,0.0
2020-11-02,1.16452,1.1654200000000001,1.16202,1.16389,41733.0,6.0,0.0
2020-11-03,1.1638600000000001,1.17398,1.16295,1.17118,39586.0,6.0,0.0
2020-11-04,1.17126,1.17706,1.16021,1.1721300000000001,94706.0,6.0,0.0
2020-11-05,1.17184,1.18601,1.17105,1.18236,64687.0,6.0,0.0
2020-11-06,1.1823,1.18914,1.17956,1.18742,64210.0,6.0,0.0
2020-11-09,1.18897,1.1920600000000001,1.17951,1.18129,80796.0,6.0,0.0
2020-11-10,1.18122,1.18434,1.17797,1.18143,67233.0,6.0,0.0
2020-11-11,1.18139,1.1833,1.17441,1.17759,44262.0,6.0,0.0
2020-11-12,1.17752,1.18231,1.17573,1.18035,45584.0,6.0,0.0
2020-11-13,1.18027,1.18384,1.17992,1.183,43764.0,5.0,0.0
2020-11-16,1.18397,1.187,1.18145,1.18488,64334.0,5.0,0.0
2020-11-17,1.18498,1.18949,1.18434,1.18613,51519.0,5.0,0.0
2020-11-18,1.1861,1.18921,1.18494,1.18499,54725.0,5.0,0.0
2020-11-19,1.18527,1.18836,1.18155,1.18726,58920.0,5.0,0.0
2020-11-20,1.18717,1.18919,1.1850100000000001,1.18527,51211.0,5.0,0.0
2020-11-23,1.18505,1.1907,1.17993,1.18384,57474.0,5.0,0.0
2020-11-24,1.18394,1.18968,1.18341,1.18882,55264.0,5.0,0.0
2020-11-25,1.18884,1.19312,1.18826,1.19113,62539.0,5.0,0.0
2020-11-26,1.1912099999999999,1.1942,1.18857,1.19117,37225.0,5.0,0.0
2020-11-27,1.19128,1.19659,1.19079,1.19638,44052.0,5.0,0.0
2020-11-30,1.19618,1.20052,1.19237,1.19237,62226.0,5.0,0.0
2020-12-01,1.19273,1.20841,1.19237,1.20676,64351.0,5.0,0.0
2020-12-02,1.20684,1.21266,1.2042,1.2113,69396.0,5.0,0.0
2020-12-03,1.21125,1.21826,1.21064,1.21482,65038.0,5.0,0.0
2020-12-04,1.21406,1.21804,1.21118,1.21181,66222.0,5.0,0.0
2020-12-07,1.2118,1.21681,1.20805,1.21074,62961.0,5.0,0.0
2020-12-08,1.21082,1.2135799999999999,1.20973,1.21048,58854.0,5.0,0.0
2020-12-09,1.21048,1.21493,1.20602,1.20793,61242.0,5.0,0.0
2020-12-10,1.20832,1.21608,1.20759,1.21342,75592.0,5.0,0.0
2020-12-11,1.21401,1.21648,1.21075,1.21122,64367.0,5.0,0.0
2020-12-14,1.21367,1.21786,1.2117499999999999,1.21424,56693.0,5.0,0.0
2020-12-15,1.21423,1.21707,1.21235,1.21482,52957.0,5.0,0.0
2020-12-16,1.2154099999999999,1.2214,1.21268,1.21971,63680.0,5.0,0.0
2020-12-17,1.21984,1.22747,1.21918,1.22665,55277.0,5.0,0.0
2020-12-18,1.22665,1.22723,1.22274,1.22473,52298.0,5.0,0.0
2020-12-21,1.22252,1.22541,1.21294,1.22379,88900.0,5.0,0.0
2020-12-22,1.22362,1.22579,1.2151399999999999,1.21581,63872.0,5.0,0.0
2020-12-23,1.2159200000000001,1.22217,1.2154099999999999,1.21813,59604.0,5.0,0.0
2020-12-24,1.21838,1.22164,1.21762,1.21786,33725.0,5.0,0.0
2020-12-28,1.218,1.2251400000000001,1.21784,1.2213,51929.0,5.0,0.0
2020-12-29,1.22101,1.22775,1.22052,1.22462,55111.0,8.0,0.0
2020-12-30,1.22465,1.23114,1.22461,1.22993,58265.0,8.0,0.0
2020-12-31,1.22993,1.23104,1.22105,1.22165,52386.0,8.0,0.0
2021-01-04,1.22258,1.23109,1.22258,1.2251,79500.0,6.0,0.0
2021-01-05,1.2251,1.23069,1.22449,1.2291400000000001,71505.0,6.0,0.0
2021-01-06,1.22966,1.23516,1.22669,1.23223,106815.0,6.0,0.0
2021-01-07,1.23277,1.23457,1.22424,1.22669,81639.0,6.0,0.0
2021-01-08,1.2266,1.2284,1.21921,1.22178,96250.0,6.0,0.0
2021-01-11,1.22135,1.2222,1.21308,1.21476,69851.0,6.0,0.0
2021-01-12,1.21482,1.22103,1.2135799999999999,1.22046,63571.0,6.0,0.0
2021-01-13,1.2206,1.22239,1.21386,1.21536,60721.0,6.0,0.0
2021-01-14,1.2154,1.2178499999999999,1.21097,1.21539,67246.0,6.0,0.0
2021-01-15,1.21527,1.21628,1.20735,1.20735,60018.0,6.0,0.0
2021-01-18,1.20758,1.2085,1.20514,1.2075,43279.0,6.0,0.0
2021-01-19,1.2075,1.21465,1.2072,1.21274,50366.0,6.0,0.0
2021-01-20,1.21261,1.21601,1.20758,1.2104300000000001,53159.0,6.0,0.0
2021-01-21,1.21012,1.2174,1.21012,1.21628,57859.0,6.0,0.0
2021-01-22,1.21628,1.21908,1.21528,1.2171,51317.0,6.0,0.0
2021-01-25,1.2163,1.21844,1.2115,1.2138,58774.0,6.0,0.0
2021-01-26,1.2138,1.21767,1.21065,1.21594,58230.0,6.0,0.0
2021-01-27,1.21601,1.21706,1.20568,1.2111399999999999,77196.0,6.0,0.0
2021-01-28,1.21064,1.2143,1.20796,1.21181,83167.0,6.0,0.0
2021-01-29,1.21177,1.2157,1.20935,1.2135,85877.0,6.0,0.0
2021-02-01,1.21282,1.21372,1.20541,1.20558,68790.0,6.0,0.0
2021-02-02,1.20591,1.20863,1.2009400000000001,1.20389,60973.0,8.0,0.0
2021-02-03,1.20396,1.2048,1.2002,1.2031399999999999,48692.0,6.0,0.0
2021-02-04,1.2031,1.20406,1.19551,1.1958,51097.0,6.0,0.0
2021-02-05,1.196,1.20513,1.19503,1.20493,52904.0,6.0,0.0
2021-02-08,1.20398,1.20674,1.20208,1.20472,45163.0,6.0,0.0
2021-02-09,1.20475,1.21238,1.20475,1.2121,52473.0,6.0,0.0
2021-02-10,1.21189,1.21458,1.21108,1.21172,54031.0,6.0,0.0
2021-02-11,1.21191,1.21512,1.21154,1.2128700000000001,38321.0,6.0,0.0
2021-02-12,1.21291,1.2137,1.20833,1.21207,39933.0,6.0,0.0
2021-02-15,1.2117499999999999,1.21468,1.2117499999999999,1.2127,30074.0,6.0,0.0
2021-02-16,1.21307,1.2171,1.2096,1.2104300000000001,49430.0,6.0,0.0
2021-02-17,1.21036,1.21084,1.20213,1.20312,62334.0,6.0,0.0
2021-02-18,1.20349,1.20954,1.2034,1.20866,57460.0,6.0,0.0
2021-02-19,1.20927,1.21462,1.20833,1.21135,54005.0,6.0,0.0
2021-02-22,1.21196,1.21712,1.2092100000000001,1.21527,63033.0,6.0,0.0
2021-02-23,1.21562,1.21818,1.21371,1.21483,63113.0,6.0,0.0
2021-02-24,1.21464,1.21765,1.21092,1.2162,81771.0,6.0,0.0
2021-02-25,1.21619,1.22446,1.21569,1.21752,104153.0,6.0,0.0
2021-02-26,1.21773,1.21829,1.20605,1.20683,119799.0,6.0,0.0
2021-03-01,1.20676,1.20997,1.20256,1.20438,71688.0,6.0,0.0
2021-03-02,1.20454,1.20956,1.19895,1.20889,69298.0,6.0,0.0
2021-03-03,1.20904,1.2114099999999999,1.20417,1.20605,74565.0,6.0,0.0
2021-03-04,1.20623,1.20654,1.19587,1.19589,97096.0,6.0,0.0
2021-03-05,1.19641,1.19749,1.18906,1.19102,103085.0,6.0,0.0
2021-03-08,1.19151,1.193,1.18404,1.18429,84523.0,6.0,0.0
2021-03-09,1.18432,1.19135,1.18334,1.1896200000000001,76492.0,6.0,0.0
2021-03-10,1.18961,1.19284,1.18669,1.19245,68744.0,6.0,0.0
2021-03-11,1.19253,1.19912,1.19139,1.1983,71072.0,6.0,0.0
2021-03-12,1.19828,1.199,1.19086,1.19495,69496.0,6.0,0.0
2021-03-15,1.19486,1.19673,1.19101,1.1926,58101.0,6.0,0.0
2021-03-16,1.1926,1.19523,1.18811,1.19002,55130.0,6.0,0.0
2021-03-17,1.19004,1.19862,1.18855,1.19806,61079.0,6.0,0.0
2021-03-18,1.19806,1.19897,1.19051,1.19126,78627.0,6.0,0.0
2021-03-19,1.19126,1.19366,1.18728,1.18964,60446.0,7.0,0.0
2021-03-22,1.1877,1.19477,1.18737,1.19337,51393.0,7.0,0.0
2021-03-23,1.1933799999999999,1.19414,1.184,1.18486,52376.0,7.0,0.0
2021-03-24,1.18486,1.18497,1.18075,1.18099,51845.0,7.0,0.0
2021-03-25,1.1810100000000001,1.18255,1.1758899999999999,1.1766,54156.0,7.0,0.0
2021-03-26,1.1766,1.18029,1.1766,1.17898,41364.0,7.0,0.0
2021-03-29,1.17895,1.1791800000000001,1.17587,1.1761300000000001,46257.0,7.0,0.0
2021-03-30,1.17603,1.17716,1.17107,1.17113,42551.0,7.0,0.0
2021-03-31,1.17133,1.1758,1.1702,1.17249,51338.0,7.0,0.0
2021-04-01,1.17264,1.17781,1.17104,1.17716,48040.0,7.0,0.0
2021-04-02,1.17729,1.17851,1.17475,1.17532,19595.0,6.0,0.0
2021-04-05,1.17532,1.18191,1.17361,1.18114,27220.0,7.0,0.0
2021-04-06,1.18092,1.1879,1.17942,1.18744,49621.0,7.0,0.0
2021-04-07,1.18744,1.19181,1.18617,1.1865999999999999,52876.0,7.0,0.0
2021-04-08,1.1865999999999999,1.19285,1.18616,1.19108,45978.0,7.0,0.0
2021-04-09,1.19149,1.19214,1.18678,1.18991,47488.0,7.0,0.0
2021-04-12,1.18947,1.19202,1.1872,1.19082,42012.0,7.0,0.0
2021-04-13,1.1909399999999999,1.1957200000000001,1.18787,1.19475,56169.0,7.0,0.0
2021-04-14,1.19474,1.1989,1.19474,1.19776,49806.0,7.0,0.0
2021-04-15,1.19787,1.19952,1.19577,1.19652,48282.0,7.0,0.0
2021-04-16,1.19675,1.19961,1.19519,1.19818,44314.0,7.0,0.0
2021-04-19,1.19752,1.20498,1.19436,1.20352,52000.0,7.0,0.0
2021-04-20,1.20363,1.20815,1.20236,1.20333,57154.0,7.0,0.0
2021-04-21,1.20333,1.20448,1.19994,1.20327,43689.0,7.0,0.0
2021-04-22,1.20312,1.20708,1.19944,1.20126,55545.0,7.0,0.0
2021-04-23,1.2021,1.21015,1.20137,1.20934,45002.0,7.0,0.0
2021-04-26,1.20939,1.21187,1.2062,1.20827,42452.0,7.0,0.0
2021-04-27,1.20798,1.2094,1.20577,1.20877,40992.0,7.0,0.0
2021-04-28,1.209,1.2135799999999999,1.20572,1.21231,55025.0,7.0,0.0
2021-04-29,1.21234,1.21512,1.21033,1.21188,50193.0,7.0,0.0
2021-04-30,1.21172,1.21275,1.20128,1.20128,52076.0,7.0,0.0
2021-05-03,1.20247,1.20769,1.20115,1.20611,39905.0,7.0,0.0
2021-05-04,1.20624,1.20649,1.19984,1.20111,60255.0,7.0,0.0
2021-05-05,1.20116,1.2027,1.1985999999999999,1.19986,48933.0,7.0,0.0
2021-05-06,1.20034,1.20729,1.19933,1.20619,51212.0,7.0,0.0
2021-05-07,1.20598,1.21731,1.2054,1.21629,65593.0,7.0,0.0
2021-05-10,1.21624,1.21798,1.21285,1.21285,57257.0,7.0,0.0
2021-05-11,1.21284,1.2183,1.21245,1.21466,62708.0,7.0,0.0
2021-05-12,1.21466,1.2153,1.20638,1.20665,76270.0,7.0,0.0
2021-05-13,1.20682,1.21068,1.20518,1.2076,75751.0,7.0,0.0
2021-05-14,1.2076500000000001,1.21487,1.20716,1.21412,60369.0,7.0,0.0
2021-05-17,1.21422,1.21701,1.21271,1.2152,54868.0,7.0,0.0
2021-05-18,1.2152,1.22361,1.2151399999999999,1.2221899999999999,56298.0,7.0,0.0
2021-05-19,1.22222,1.22473,1.21606,1.21737,79604.0,7.0,0.0
2021-05-20,1.21737,1.22302,1.21696,1.22262,57996.0,7.0,0.0
2021-05-21,1.22256,1.2241,1.21614,1.21779,60103.0,7.0,0.0
2021-05-24,1.21784,1.22309,1.21718,1.22108,51165.0,7.0,0.0
2021-05-25,1.22108,1.22678,1.22108,1.22471,56826.0,7.0,0.0
2021-05-26,1.22482,1.22641,1.21822,1.21879,56435.0,7.0,0.0
2021-05-27,1.21878,1.22155,1.21749,1.2192,60340.0,7.0,0.0
2021-05-28,1.21926,1.22058,1.21318,1.21898,55408.0,7.0,0.0
2021-05-31,1.21995,1.22325,1.21842,1.22251,33585.0,7.0,0.0
2021-06-01,1.22253,1.22554,1.22125,1.22125,50242.0,7.0,0.0
2021-06-02,1.22147,1.22269,1.21627,1.22077,53065.0,4.0,0.0
2021-06-03,1.22099,1.22149,1.21171,1.21224,55463.0,7.0,0.0
2021-06-04,1.2124,1.21865,1.21023,1.21647,55121.0,7.0,0.0
2021-06-07,1.21625,1.22027,1.21456,1.21886,39910.0,7.0,0.0
2021-06-08,1.2191,1.21951,1.21649,1.21692,46845.0,7.0,0.0
2021-06-09,1.21712,1.2219,1.21712,1.21751,37724.0,7.0,0.0
2021-06-10,1.2177,1.21953,1.21437,1.21731,59859.0,7.0,0.0
2021-06-11,1.21732,1.21938,1.2091,1.21054,42207.0,7.0,0.0
2021-06-14,1.21001,1.21102,1.20928,1.20975,5750.0,7.0,0.0
